medium|100365_5543392a980b35f04e44b6be5ec02b07.jpg|http://enter.babesnetwork.com/track/MTkxNDEuMzEuMi4xMS4wLjI2LjAuMC4w
medium|100362_86d483485244223daa2e3199d95d99a6.jpg|http://enter.babesnetwork.com/track/MTkxNDEuMzEuMi4xMS4wLjI1LjAuMC4w
medium|100359_a61690991ee3cf873a7f888e9b6e0f92.jpg|http://enter.babesnetwork.com/track/MTkxNDEuMzEuMi4xMS4wLjI0LjAuMC4w
medium|100356_0e4a417342267cc0475e737996c0d60e.jpg|http://enter.babesnetwork.com/track/MTkxNDEuMzEuMi4xMS4wLjIzLjAuMC4w
medium|100353_bb717f6b6383a13ad84cb5f8c30f0db6.jpg|http://enter.babesnetwork.com/track/MTkxNDEuMzEuMi4xMS4wLjIyLjAuMC4w
medium|100342_ef91248f5ee2639da4d96b1079b49f0b.jpg|http://enter.babesnetwork.com/track/MTkxNDEuMzEuMi4xMS4wLjIxLjAuMC4w
medium|100333_952cd6e0babc7a031a9afcfc76d62830.jpg|http://enter.babesnetwork.com/track/MTkxNDEuMzEuMi4xMS4wLjIwLjAuMC4w
medium|100322_43f17e1a6e359cb007d821527b07cef8.jpg|http://enter.babesnetwork.com/track/MTkxNDEuMzEuMi4xMS4wLjE5LjAuMC4w
medium|100313_423f4dd51a9e91f872ec07658e80ac2b.jpg|http://enter.babesnetwork.com/track/MTkxNDEuMzEuMi4xMS4wLjE4LjAuMC4w
medium|100396_cca6d2e87f41d6ccf41992c68a8252db.jpg|http://enter.babesnetwork.com/track/MTkxNDEuMzEuMi4xMS4wLjcwLjAuMC4w
medium|100393_7eb67461eefe11d4f65b16aca281dfdb.jpg|http://enter.babesnetwork.com/track/MTkxNDEuMzEuMi4xMS4wLjY5LjAuMC4w
medium|100390_8cbb1761d4f9ef7c81ffa8dcb0c4f84f.jpg|http://enter.babesnetwork.com/track/MTkxNDEuMzEuMi4xMS4wLjY4LjAuMC4w
medium|100386_bfc175b116393dd5a91018683a188278.jpg|http://enter.babesnetwork.com/track/MTkxNDEuMzEuMi4xMS4wLjY3LjAuMC4w
medium|100382_c6971f09dc143ee027bb8297c5af06ec.jpg|http://enter.babesnetwork.com/track/MTkxNDEuMzEuMi4xMS4wLjY2LjAuMC4w
medium|100379_d4e6d95a22207d6c393758dd8c2d80ee.jpg|http://enter.babesnetwork.com/track/MTkxNDEuMzEuMi4xMS4wLjY1LjAuMC4w
medium|100376_7a3d2a8902c493b0909554dc75d9bc22.jpg|http://enter.babesnetwork.com/track/MTkxNDEuMzEuMi4xMS4wLjY0LjAuMC4w
medium|100373_ad3f7f869c33a331dd3d1bb1c6561cac.jpg|http://enter.babesnetwork.com/track/MTkxNDEuMzEuMi4xMS4wLjYzLjAuMC4w
medium|100368_1db8f27acbe80c43f536cb23fe2211be.jpg|http://enter.babesnetwork.com/track/MTkxNDEuMzEuMi4xMS4wLjYyLjAuMC4w
large|100075_1cebb35382780ec5ab30ddf5f1b3d23f.jpg|http://enter.babesnetwork.com/track/MTkxNDEuMzEuMi4xMS4wLjE3LjAuMC4w
large|100066_de755243dd99574f915616b29b16ff69.jpg|http://enter.babesnetwork.com/track/MTkxNDEuMzEuMi4xMS4wLjE2LjAuMC4w
large|100059_670bb1dfebc38ba9d42e3f38ae05376f.jpg|http://enter.babesnetwork.com/track/MTkxNDEuMzEuMi4xMS4wLjE1LjAuMC4w
large|100051_8dfa2b4b068d9ae84856c82748664d30.jpg|http://enter.babesnetwork.com/track/MTkxNDEuMzEuMi4xMS4wLjE0LjAuMC4w
large|100042_85c918657e7cb7728a8e7eb156870380.jpg|http://enter.babesnetwork.com/track/MTkxNDEuMzEuMi4xMS4wLjEzLjAuMC4w
link|None|http://enter.babesnetwork.com/track/MTkxNDEuMzEuMi4xMS4wLjAuMC4wLjA